sample,site,reads_total,is_indel_total,is_indel_percent,is_sub_total,is_sub_percent
51EDIT,NickOT01RH_62B6A820FDF94C2Z0Z,39445,14,0.035492457852706,15,0.038027633413613406
51EDIT,NickOT02RH_35BC5AF030D34C7Z0Z,61590,12,0.019483682415976103,10,0.0162364020133135
51EDIT,NickOT03RH_DD6B627905E0458Z0Z,10409,2,0.0192141416082236,12,0.1152848496493417
51EDIT,NickOT04RH_071B887871A845EZ0Z,30774,15,0.048742444921036694,30,0.09748488984207374
51EDIT,NickOT05RH_485B7F52727044CZ0Z,47151,38,0.08059214014548939,42,0.0890755233186983
51EDIT,NickOT06RH_843EDB16D134459Z0Z,9205,3,0.032590983161325304,10,0.10863661053775112
51EDIT,NickOT07RH_BAC613B7B4F5408Z0Z,36574,1,0.0027341827527751,17,0.0464811067971774
51EDIT,NickOT08RH_A4470941BD3D458Z0Z,34173,3,0.008778860503906501,31,0.0907148918737011
51EDIT,NickOT09RH_918E7D3A8A7843BZ0Z,32523,1,0.0030747471020508,60,0.18448482612305012
51EDIT,NickOT10RH_2FC8D18557514C0Z0Z,26108,3,0.011490730810479301,21,0.080435115673356
51EDIT,NickOT11RH_486554E8427E4F1Z0Z,23712,15,0.0632591093117405,7,0.0295209176788122
51EDIT,NickOT12RH_DD0DFFFBE66B40BZ0Z,28000,17,0.0607142857142851,32,0.11428571428571332
51EDIT,NickOT13RH_633B440D185C4F9Z0Z,11668,5,0.042852245457661794,19,0.16283853273911494
51EDIT,NickOT14RH_1F6FFA8E1E0847FZ0Z,27267,0,0.0,32,0.11735797850881986
51EDIT,NickOT15RH_B81EB3F2A3FC4EFZ0Z,2669,0,0.0,5,0.18733608092918652
51EDIT,NickOT16RH_BAA8CE4BBE12445Z0Z,21741,10,0.0459960443401864,18,0.0827928798123356
51EDIT,NickOT17RH_5FBF949B1FE6486Z0Z,24090,7,0.029057700290577002,35,0.14528850145288502
51EDIT,NickOT18RH_27D5C64EAE8846EZ0Z,14197,0,0.0,17,0.1197436078044656
51EDIT,NickOT19RH_2D095AFBA5B84B3Z0Z,3655,0,0.0,14,0.38303693570451414
51EDIT,NickOT20RH_3417DD3BC44C48AZ0Z,94431,2412,2.5542459573656178,111,0.117546144804137
51EDIT,NickOT21RH_CFE0A0AD68AB464Z0Z,8103,2,0.0246822164630383,9,0.11106997408367239
51EDIT,NickOT23RH_D8A6D93501C04EAZ0Z,8584,16,0.1863932898415652,9,0.10484622553588059
51EDIT,NickOT24RH_7392BED4418448FZ0Z,9547,2,0.0209489892112704,1,0.0104744946056352
51EDIT,NickOT25RH_86BA87C0E80A429Z0Z,2722,1,0.0367376928728875,1,0.0367376928728875
51EDIT,NickOT26RH_6D55E228D08145AZ0Z,42514,19,0.0446911605588743,69,0.1622994778190707
51EDIT,NickOT28RH_6D36DC442D1E438Z0Z,10678,1,0.009365049634763,15,0.1404757445214453
51EDIT,NickOT29RH_95C15E59C219421Z0Z,22510,17,0.0755219902265658,13,0.057752110173256196
51EDIT,NickOT30RH_FFCDC6A40E994D0Z0Z,14958,3,0.0200561572402726,10,0.0668538574675755
51EDIT,NickOT31RH_ACB09C92E60D4A3Z0Z,39166,54,0.1378746872287171,46,0.1174488076392774
51EDIT,NickOT33RH_DD623AEB119045CZ0Z,15789,4,0.025334093356134,19,0.12033694344163652
51EDIT,NickOT34RH_EB296E9558E741CZ0Z,30427,10,0.03286554704703021,21,0.0690176487987638
51EDIT,NickOT35RH_31F6A4241DF54FDZ0Z,31940,2,0.0062617407639322,21,0.0657482780212892
51EDIT,NickOT36RH_F480ED73FAF049EZ0Z,36916,21,0.056885903131432713,32,0.0866832809621832
51EDIT,NickOT37RH_9B5A42A1FB1C45AZ0Z,64749,0,0.0,181,0.2795409967721495
51EDIT,NickOT38RH_C9568D1B6080495Z0Z,16724,0,0.0,8,0.04783544606553441
51EDIT,NickOT39RH_3F7B9D88A44A46AZ0Z,16371,5,0.030541811740272002,22,0.13438397165719781
51EDIT,NickOT40RH_3DAC64CA60974A4Z0Z,6187,1,0.0161629222563439,7,0.1131404557944073
51EDIT,NickOT41RH_7372373A1547415Z0Z,94806,11,0.0116026411830472,81,0.08543763052971229
51EDIT,NickOT42RH_DD88E29AE4424F0Z0Z,8505,0,0.0,69,0.8112874779541438
51EDIT,NickOT43RH_07B3C758A452415Z0Z,8565,6,0.0700525394045533,5,0.0583771161704611
51EDIT,NickOT44RH_55878713FEA3459Z0Z,29088,6,0.020627062706270398,26,0.08938393839383922
51EDIT,NickOT45RH_FAFD133CE810441Z0Z,34323,13,0.0378754770853357,32,0.0932319435946734
51EDIT,NickOT46RH_23B3575E698C474Z0Z,13742,8,0.05821568912822,20,0.14553922282054998
51EDIT,NickOT47RH_4242BA3B88394FEZ0Z,50554,10,0.019780828421094097,42,0.0830794793685955
51EDIT,NickOT48RH_4FF4210F37604C0Z0Z,9046,1,0.011054609772275,12,0.1326553172673002
51EDIT,NickOT49RH_CCFEDC49EEBD497Z0Z,7913,0,0.0,5,0.063187160369013
51EDIT,NickOT50RH_27766B9776D941FZ0Z,22924,12,0.052346885360320804,14,0.061071366253707605
51EDIT,NickOT51RH_000B075906564E2Z0Z,202889,268,0.1320919320416564,144,0.07097476945521841
51EDIT,NickOT52RH_DE949C7EEE7B4E5Z0Z,108507,17,0.0156671919783973,66,0.06082556885730738
51EDIT,PegOT01RH_4D0B3A56DF8B48AZ0Z,94115,5,0.0053126494182648,13,0.013812888487488302
51EDIT,PegOT02RH_80F5BC9E15204D6Z0Z,104920,0,0.0,71,0.06767060617613284
51EDIT,PegOT03RH_9F88B74678F142AZ0Z,22511,3,0.0133268180000886,7,0.031095908666873395
51EDIT,PegOT04RH_5EFCB0357110466Z0Z,4594,9,0.195907705703091,4,0.087070091423596
51EDIT,PegOT05RH_731BA5E34E1543CZ0Z,39698,0,0.0,13,0.03274724167464241
51EDIT,PegOT06RH_3FD344CA2C6349BZ0Z,4694,0,0.0,2,0.0426075841499786
51EDIT,PegOT07RH_01D9BD680E1C439Z0Z,17787,0,0.0,9,0.050598751897452596
51EDIT,PegOT08RH_2626A04F7C39432Z0Z,27749,25,0.0900933366968176,18,0.0648672024217087
51EDIT,PegOT09RH_BCE37F58B720440Z0Z,40172,1,0.0024892960270835,7,0.017425072189584702
51EDIT,PegOT10RH_492564EDE38F404Z0Z,4009,1,0.0249438762783736,5,0.124719381391868
51EDIT,PegOT11RH_887CD721906445FZ0Z,4695,2,0.042598509052183,34,0.7241746538871111
51EDIT,PegOT12RH_38B6DBC28872477Z0Z,22281,0,0.0,12,0.053857546788743105
51EDIT,PegOT13RH_450C52431CC8476Z0Z,9558,0,0.0,3,0.031387319522912696
51EDIT,PegOT14RH_72498897C44B411Z0Z,2634,0,0.0,1,0.037965072133637
51EDIT,PegOT15RH_C5D271FD6ABA43DZ0Z,89379,0,0.0,23,0.025733114042448
51EDIT,PegOT16RH_034D06511A194E9Z0Z,6699,1,0.0149276011344976,0,0.0
51EDIT,PegOT17RH_EA1A967E442745AZ0Z,29232,7,0.023946360153256102,26,0.08894362342638028
51EDIT,PegOT18RH_F8A82B7EDD4C49CZ0Z,52023,7,0.013455586951925001,29,0.05574457451511759
51EDIT,PegOT19RH_CA0DB0EEDCC54A4Z0Z,5891,17,0.288575793583432,9,0.15277542013240503
51EDIT,PegOT20RH_56736BC330F2462Z0Z,24188,0,0.0,17,0.07028278485199249
51EDIT,PegOT21RH_2CF3FDAA244B414Z0Z,14213,1,0.0070358122845282,6,0.0422148737071693
51EDIT,PegOT22RH_29A50A61F0E1412Z0Z,33986,0,0.0,17,0.05002059671629358
51EDIT,PegOT23RH_B7C1378C30E94E5Z0Z,31176,0,0.0,33,0.10585065434949809
51EDIT,PegOT24RH_CE26C591030640AZ0Z,51081,3,0.0058730251952778,4,0.0078307002603704
51EDIT,PegOT25RH_6E609636E2B443BZ0Z,27864,0,0.0,19,0.0681883433821413
51EDIT,PegOT26RH_CB4A29CC056346EZ0Z,43353,0,0.0,11,0.025373099900813698
51EDIT,PegOT27RH_EA4FC647D0AA413Z0Z,45957,13,0.028287312052569902,37,0.08051004199577738
51EDIT,PegOT28RH_21E9F9715FE84C4Z0Z,24866,0,0.0,28,0.11260355505509399
51EDIT,PegOT29RH_3B3F42EF4D05485Z0Z,31839,0,0.0,1,0.0031408021608718
51EDIT,PegOT30RH_17861622FB1F429Z0Z,24017,0,0.0,7,0.029146021568055694
51EDIT,PegOT31RH_2471DCF94B86429Z0Z,28697,3,0.0104540544307767,16,0.05575495696414241
51EDIT,PegOT32RH_0B3AE3C58D1B494Z0Z,44594,2,0.0044849082836256,49,0.10988025294882721
51EDIT,PegOT33RH_851EF8935C3A4B8Z0Z,46228,0,0.0,10,0.021631911395690304
51EDIT,PegOT34RH_EF27571CDD8F477Z0Z,114524,5,0.004365897104537,27,0.023575844364499804
51EDIT,PegOT35RH_6B42DDD218E046EZ0Z,3250,0,0.0,1,0.0307692307692307
51EDIT,PegOT36RH_4F7546848A64487Z0Z,1594,0,0.0,6,0.3764115432873273
51EDIT,PegOT37RH_C404BD2AC9A74E8Z0Z,42944,0,0.0,16,0.03725782414306959
51EDIT,PegOT38RH_7EAAD8FD4EDC46CZ0Z,66,0,0.0,0,0.0
51EDIT,PegOT39RH_01361C97532F4B3Z0Z,8147,3,0.036823370565852304,13,0.15956793911869355
51EDIT,PegOT40RH_E0D5EBBAC1164EEZ0Z,62823,2,0.0031835474268977,17,0.027060153128630103
51EDIT,PegOT41RH_636F96A380514BEZ0Z,36133,0,0.0,26,0.07195638336146971
51EDIT,PegOT42RH_066A73D77867477Z0Z,45916,2,0.0043557801202194,66,0.14374074396724282
51EDIT,PegOT43RH_96959E1A9DE84ECZ0Z,39640,3,0.0075681130171541995,35,0.08829465186680038
51EDIT,PegOT44RH_02EF30E8A77E4EFZ0Z,16242,0,0.0,15,0.09235315847801942
51EDIT,PegOT45RH_79AD8395EDDB4F9Z0Z,37845,0,0.0,13,0.034350640771568096
51EDIT,PegOT46RH_5F9FEFD3873046DZ0Z,64254,2,0.0031126466834748,23,0.0357954368599614
51EDIT,PegOT47RH_65B6C9A5FA084FFZ0Z,17666,0,0.0,12,0.0679270915883617
51EDIT,PegOT48RH_0B1C67CF94B6472Z0Z,13661,1,0.0073201083376033,2,0.0146402166752066
51EDIT,PegOT50RH_40A3A38B0B574CEZ0Z,21757,2,0.0091924438111872,27,0.12409799145102719
51EDIT,SgOT17RH_C005E7241F5A408Z0Z,94549,2,0.002115305291436,134,0.1417254545262175
51EDIT,SgOT24RH_068682E0B6C7412Z0Z,3371,0,0.0,1,0.0296647878967665
51EDIT,SgOT29RH_A377C1890FA546CZ0Z,50007,4,0.007998880156778,0,0.0
51EDIT,SgOT31RH_B83DD2512D79488Z0Z,34342,3,0.008735658959874,42,0.12229922543823643
51EDIT,SgOT32RH_97C5FEA1EF99408Z0Z,34944,0,0.0,49,0.1402243589743587
51EDIT,SgOT35RH_6DBB94C7B9F845EZ0Z,28975,44,0.1518550474547017,29,0.1000862812769619
51EDIT,SgOT36RH_7AED8AAB18A6434Z0Z,50915,8,0.0157124619463809,49,0.09623882942158388
51EDIT,SgOT40RH_C4CBDD69B16D4F8Z0Z,23809,0,0.0,8,0.0336007392162624
51EDIT,SgOT42RH_15C6A0899E62401Z0Z,9110,0,0.0,7,0.0768386388583972
51EDIT,SgOT43RH_D1281FACCD2D4FEZ0Z,22799,0,0.0,2,0.0087723145752006
51EDIT,SgOT46RH_3435C6DA25E04A3Z0Z,19334,0,0.0,4,0.0206889417606288
51EDIT,SgOT48RH_1F33DB76216A4FFZ0Z,30428,1,0.0032864466938346,25,0.0821611673458651
51EDIT,SgOT50RH_B5205F4C00ED488Z0Z,35516,3,0.008446897173105001,8,0.02252505912828
51UT,NickOT01RH_62B6A820FDF94C2Z0Z,39033,17,0.04355289114339111,19,0.0486767606896723
51UT,NickOT02RH_35BC5AF030D34C7Z0Z,58791,15,0.025514109302443994,9,0.015308465581466299
51UT,NickOT03RH_DD6B627905E0458Z0Z,9617,2,0.0207965061869605,18,0.1871685556826445
51UT,NickOT04RH_071B887871A845EZ0Z,28006,12,0.04284796115118159,31,0.11069056630721898
51UT,NickOT05RH_485B7F52727044CZ0Z,35135,28,0.07969261420236211,33,0.09392343816706972
51UT,NickOT06RH_843EDB16D134459Z0Z,8795,4,0.0454803865832858,7,0.0795906765207504
51UT,NickOT07RH_BAC613B7B4F5408Z0Z,36135,5,0.01383700013837,9,0.024906600249065998
51UT,NickOT08RH_A4470941BD3D458Z0Z,33147,10,0.030168642712764197,37,0.1116239780372275
51UT,NickOT09RH_918E7D3A8A7843BZ0Z,24999,1,0.0040001600064002,23,0.0920036801472054
51UT,NickOT10RH_2FC8D18557514C0Z0Z,25565,0,0.0,24,0.09387834930569089
51UT,NickOT11RH_486554E8427E4F1Z0Z,21888,17,0.0776681286549698,5,0.022843567251461798
51UT,NickOT12RH_DD0DFFFBE66B40BZ0Z,25790,14,0.0542846064366032,23,0.08918185343156249
51UT,NickOT13RH_633B440D185C4F9Z0Z,10282,17,0.16533748297996492,4,0.0389029371717564
51UT,NickOT14RH_1F6FFA8E1E0847FZ0Z,24413,0,0.0,27,0.11059681317330898
51UT,NickOT15RH_B81EB3F2A3FC4EFZ0Z,3113,0,0.0,3,0.09637006103437201
51UT,NickOT16RH_BAA8CE4BBE12445Z0Z,19613,7,0.0356906133686838,24,0.12236781726405918
51UT,NickOT17RH_5FBF949B1FE6486Z0Z,21697,6,0.027653592662580002,32,0.14748582753376013
51UT,NickOT18RH_27D5C64EAE8846EZ0Z,13910,0,0.0,16,0.11502516175413321
51UT,NickOT19RH_2D095AFBA5B84B3Z0Z,3334,0,0.0,9,0.2699460107978403
51UT,NickOT20RH_3417DD3BC44C48AZ0Z,91523,61,0.06664991313658812,125,0.13657769085366375
51UT,NickOT21RH_CFE0A0AD68AB464Z0Z,7274,1,0.01374759417102,8,0.10998075336816023
51UT,NickOT23RH_D8A6D93501C04EAZ0Z,8493,5,0.0588720122453785,6,0.0706464146944542
51UT,NickOT24RH_7392BED4418448FZ0Z,8686,5,0.0575638959244761,2,0.0230255583697904
51UT,NickOT25RH_86BA87C0E80A429Z0Z,3429,0,0.0,0,0.0
51UT,NickOT26RH_6D55E228D08145AZ0Z,39693,16,0.04030937444889499,32,0.08061874889778992
51UT,NickOT28RH_6D36DC442D1E438Z0Z,11379,1,0.0087881184638368,12,0.10545742156604179
51UT,NickOT29RH_95C15E59C219421Z0Z,22306,17,0.0762126782031731,20,0.0896619743566748
51UT,NickOT30RH_FFCDC6A40E994D0Z0Z,14734,3,0.020361069634857898,15,0.1018053481742901
51UT,NickOT31RH_ACB09C92E60D4A3Z0Z,37056,41,0.11064335060448921,30,0.08095854922279691
51UT,NickOT33RH_DD623AEB119045CZ0Z,14415,0,0.0,15,0.1040582726326742
51UT,NickOT34RH_EB296E9558E741CZ0Z,27609,9,0.032598065848092696,22,0.07968416096200463
51UT,NickOT35RH_31F6A4241DF54FDZ0Z,30483,2,0.0065610340189613,18,0.059049306170651704
51UT,NickOT36RH_F480ED73FAF049EZ0Z,35735,18,0.050370784944731996,29,0.08115293129984599
51UT,NickOT37RH_9B5A42A1FB1C45AZ0Z,59133,0,0.0,162,0.27395870326213756
51UT,NickOT38RH_C9568D1B6080495Z0Z,15110,0,0.0,4,0.0264725347452016
51UT,NickOT39RH_3F7B9D88A44A46AZ0Z,14501,4,0.027584304530722,18,0.12412937038824899
51UT,NickOT40RH_3DAC64CA60974A4Z0Z,6340,0,0.0,12,0.189274447949526
51UT,NickOT41RH_7372373A1547415Z0Z,88845,16,0.018008891890370398,68,0.0765377905340746
51UT,NickOT42RH_DD88E29AE4424F0Z0Z,7574,1,0.0132030631106416,74,0.9770266701874794
51UT,NickOT43RH_07B3C758A452415Z0Z,8082,4,0.0494926998267753,8,0.09898539965355078
51UT,NickOT44RH_55878713FEA3459Z0Z,29011,6,0.0206818103477989,18,0.062045431043397
51UT,NickOT45RH_FAFD133CE810441Z0Z,31128,11,0.035337959393471896,20,0.0642508352608582
51UT,NickOT46RH_23B3575E698C474Z0Z,13560,10,0.07374631268436531,20,0.147492625368731
51UT,NickOT47RH_4242BA3B88394FEZ0Z,48226,6,0.0124414216397793,38,0.07879567038526829
51UT,NickOT48RH_4FF4210F37604C0Z0Z,9250,0,0.0,8,0.0864864864864864
51UT,NickOT49RH_CCFEDC49EEBD497Z0Z,7502,3,0.0399893361770194,12,0.1599573447080775
51UT,NickOT50RH_27766B9776D941FZ0Z,20962,22,0.10495181757465684,13,0.0620169831122975
51UT,NickOT51RH_000B075906564E2Z0Z,192020,184,0.09582335173419224,193,0.10051036350380013
51UT,NickOT52RH_DE949C7EEE7B4E5Z0Z,104443,17,0.0162768208496499,78,0.07468188389839402
51UT,PegOT01RH_4D0B3A56DF8B48AZ0Z,87288,0,0.0,13,0.014893227018605
51UT,PegOT02RH_80F5BC9E15204D6Z0Z,93030,2,0.0021498441363,62,0.06664516822530152
51UT,PegOT03RH_9F88B74678F142AZ0Z,21621,2,0.0092502659451458,6,0.027750797835437505
51UT,PegOT04RH_5EFCB0357110466Z0Z,4458,10,0.2243158366980701,4,0.089726334679228
51UT,PegOT05RH_731BA5E34E1543CZ0Z,36415,0,0.0,15,0.04119181655910939
51UT,PegOT06RH_3FD344CA2C6349BZ0Z,4306,0,0.0,0,0.0
51UT,PegOT07RH_01D9BD680E1C439Z0Z,15238,0,0.0,8,0.05250032812705051
51UT,PegOT08RH_2626A04F7C39432Z0Z,23875,22,0.09214659685863778,13,0.054450261780103995
51UT,PegOT09RH_BCE37F58B720440Z0Z,37583,1,0.0026607774791794,12,0.0319293297501528
51UT,PegOT10RH_492564EDE38F404Z0Z,4529,0,0.0,9,0.198719364098034
51UT,PegOT11RH_887CD721906445FZ0Z,5004,2,0.0399680255795362,31,0.6195043964828114
51UT,PegOT12RH_38B6DBC28872477Z0Z,26198,0,0.0,10,0.03817085273685
51UT,PegOT13RH_450C52431CC8476Z0Z,9558,0,0.0,3,0.031387319522912696
51UT,PegOT14RH_72498897C44B411Z0Z,2549,0,0.0,1,0.0392310710082385
51UT,PegOT15RH_C5D271FD6ABA43DZ0Z,85513,1,0.0011694128378141,23,0.026896495269724707
51UT,PegOT16RH_034D06511A194E9Z0Z,6421,0,0.0,3,0.0467216944401183
51UT,PegOT17RH_EA1A967E442745AZ0Z,29332,6,0.0204554752488745,39,0.1329605891176842
51UT,PegOT18RH_F8A82B7EDD4C49CZ0Z,49590,5,0.0100826779592657,27,0.0544464609800355
51UT,PegOT19RH_CA0DB0EEDCC54A4Z0Z,5730,16,0.2792321116928443,6,0.10471204188481639
51UT,PegOT20RH_56736BC330F2462Z0Z,22687,0,0.0,21,0.09256402344955209
51UT,PegOT21RH_2CF3FDAA244B414Z0Z,12422,0,0.0,9,0.07245210111093209
51UT,PegOT22RH_29A50A61F0E1412Z0Z,32158,1,0.0031096461222712,18,0.0559736302008821
51UT,PegOT23RH_B7C1378C30E94E5Z0Z,26674,2,0.0074979380670315,28,0.10497113293844038
51UT,PegOT24RH_CE26C591030640AZ0Z,50355,1,0.0019859001092245,2,0.003971800218449
51UT,PegOT25RH_6E609636E2B443BZ0Z,25568,0,0.0,22,0.08604505632039999
51UT,PegOT26RH_CB4A29CC056346EZ0Z,38668,1,0.0025861177200786,17,0.0439640012413362
51UT,PegOT27RH_EA4FC647D0AA413Z0Z,40575,9,0.0221811460258779,20,0.049291435613062096
51UT,PegOT28RH_21E9F9715FE84C4Z0Z,23023,0,0.0,16,0.069495721669634
51UT,PegOT29RH_3B3F42EF4D05485Z0Z,30974,0,0.0,8,0.025828113901981697
51UT,PegOT30RH_17861622FB1F429Z0Z,22791,1,0.0043876968978982,5,0.021938484489491
51UT,PegOT31RH_2471DCF94B86429Z0Z,25727,2,0.0077739339993002,23,0.08940024099195262
51UT,PegOT32RH_0B3AE3C58D1B494Z0Z,42883,0,0.0,55,0.12825595224214614
51UT,PegOT33RH_851EF8935C3A4B8Z0Z,43749,1,0.0022857665318064,16,0.03657226450890239
51UT,PegOT34RH_EF27571CDD8F477Z0Z,104655,1,0.0009555205198031,19,0.0181548898762592
51UT,PegOT35RH_6B42DDD218E046EZ0Z,3061,1,0.0326690623979091,4,0.1306762495916364
51UT,PegOT36RH_4F7546848A64487Z0Z,1622,0,0.0,4,0.2466091245376076
51UT,PegOT37RH_C404BD2AC9A74E8Z0Z,38118,0,0.0,22,0.05771551497979821
51UT,PegOT38RH_7EAAD8FD4EDC46CZ0Z,145,0,0.0,0,0.0
51UT,PegOT39RH_01361C97532F4B3Z0Z,7910,0,0.0,11,0.1390644753476606
51UT,PegOT40RH_E0D5EBBAC1164EEZ0Z,59461,7,0.011772422259968602,7,0.011772422259968301
51UT,PegOT41RH_636F96A380514BEZ0Z,32535,1,0.0030736130321192,34,0.1045028430920542
51UT,PegOT42RH_066A73D77867477Z0Z,42276,6,0.0141924496168038,38,0.0898855142397576
51UT,PegOT43RH_96959E1A9DE84ECZ0Z,38444,1,0.0026011861408802,30,0.0780355842264066
51UT,PegOT44RH_02EF30E8A77E4EFZ0Z,15222,0,0.0,17,0.11168046248850269
51UT,PegOT45RH_79AD8395EDDB4F9Z0Z,34914,0,0.0,15,0.04296270836913489
51UT,PegOT46RH_5F9FEFD3873046DZ0Z,60274,2,0.003318180309918,17,0.0282045326343031
51UT,PegOT47RH_65B6C9A5FA084FFZ0Z,16290,0,0.0,4,0.0245549416820132
51UT,PegOT48RH_0B1C67CF94B6472Z0Z,12246,0,0.0,1,0.0081659317328107
51UT,PegOT50RH_40A3A38B0B574CEZ0Z,20194,4,0.0198078637218974,21,0.10399128453996098
51UT,SgOT17RH_C005E7241F5A408Z0Z,85933,5,0.0058184864952925,91,0.10589645421432692
51UT,SgOT24RH_068682E0B6C7412Z0Z,3234,0,0.0,2,0.061842918985776
51UT,SgOT29RH_A377C1890FA546CZ0Z,51054,2,0.0039174207701648,1,0.0019587103850824
51UT,SgOT31RH_B83DD2512D79488Z0Z,32562,4,0.0122842577237268,60,0.18426386585590285
51UT,SgOT32RH_97C5FEA1EF99408Z0Z,32231,0,0.0,42,0.1303093295274725
51UT,SgOT35RH_6DBB94C7B9F845EZ0Z,28146,60,0.21317416329140734,28,0.09948127620265637
51UT,SgOT36RH_7AED8AAB18A6434Z0Z,53915,8,0.0148381711954,39,0.0723360845775754
51UT,SgOT40RH_C4CBDD69B16D4F8Z0Z,22537,0,0.0,4,0.0177485912055729
51UT,SgOT42RH_15C6A0899E62401Z0Z,10104,0,0.0,6,0.0593824228028502
51UT,SgOT43RH_D1281FACCD2D4FEZ0Z,20970,1,0.0047687172150691,2,0.0095374344301382
51UT,SgOT46RH_3435C6DA25E04A3Z0Z,17791,0,0.0,4,0.0224832780619412
51UT,SgOT48RH_1F33DB76216A4FFZ0Z,28851,0,0.0,29,0.1005164465703089
51UT,SgOT50RH_B5205F4C00ED488Z0Z,32570,0,0.0,10,0.030703101013202103
36UT,NickOT01RH_62B6A820FDF94C2Z0Z,40154,8,0.019923295313044397,30,0.07471235742391732
36UT,NickOT02RH_35BC5AF030D34C7Z0Z,51636,13,0.025176233635447798,9,0.0174297002091562
36UT,NickOT03RH_DD6B627905E0458Z0Z,18013,1,0.0055515461055904,33,0.1832010214844833
36UT,NickOT04RH_071B887871A845EZ0Z,38353,7,0.018251505749224302,24,0.06257659114019759
36UT,NickOT05RH_485B7F52727044CZ0Z,51845,36,0.06943774713087011,59,0.11380075224225952
36UT,NickOT06RH_843EDB16D134459Z0Z,10583,4,0.037796466030426,11,0.10394028158367181
36UT,NickOT07RH_BAC613B7B4F5408Z0Z,51522,6,0.011645510655641999,19,0.036877450409533497
36UT,NickOT08RH_A4470941BD3D458Z0Z,42103,10,0.023751276631118697,56,0.13300714913426398
36UT,NickOT09RH_918E7D3A8A7843BZ0Z,50602,2,0.0039524129481048,74,0.14623927907987794
36UT,NickOT10RH_2FC8D18557514C0Z0Z,28579,1,0.0034990727457223,30,0.10497218237167069
36UT,NickOT11RH_486554E8427E4F1Z0Z,21529,12,0.055738770960100104,14,0.06502856612011651
36UT,NickOT12RH_DD0DFFFBE66B40BZ0Z,40318,20,0.049605635200158295,41,0.1016915521603247
36UT,NickOT13RH_633B440D185C4F9Z0Z,14865,8,0.0538176925664312,6,0.0403632694248234
36UT,NickOT14RH_1F6FFA8E1E0847FZ0Z,34317,0,0.0,34,0.09907625957979999
36UT,NickOT15RH_B81EB3F2A3FC4EFZ0Z,3068,0,0.0,3,0.0977835723598434
36UT,NickOT16RH_BAA8CE4BBE12445Z0Z,38575,21,0.054439403758910807,38,0.09850939727802878
36UT,NickOT17RH_5FBF949B1FE6486Z0Z,26273,8,0.030449510904730706,29,0.11037947702964891
36UT,NickOT18RH_27D5C64EAE8846EZ0Z,20384,0,0.0,19,0.09321036106750329
36UT,NickOT19RH_2D095AFBA5B84B3Z0Z,5192,0,0.0,16,0.30816640986132504
36UT,NickOT20RH_3417DD3BC44C48AZ0Z,86666,62,0.0715390118385514,119,0.1373087485288301
36UT,NickOT21RH_CFE0A0AD68AB464Z0Z,11451,3,0.026198585276395,9,0.07859575582918499
36UT,NickOT23RH_D8A6D93501C04EAZ0Z,16617,7,0.042125534091592906,19,0.11434073539146641
36UT,NickOT24RH_7392BED4418448FZ0Z,10575,1,0.0094562647754137,0,0.0
36UT,NickOT25RH_86BA87C0E80A429Z0Z,3529,1,0.028336639274582,1,0.028336639274582
36UT,NickOT26RH_6D55E228D08145AZ0Z,57460,31,0.053950574312564795,43,0.0748346675948477
36UT,NickOT28RH_6D36DC442D1E438Z0Z,12844,0,0.0,15,0.11678604796013699
36UT,NickOT29RH_95C15E59C219421Z0Z,29581,15,0.0507082248740745,41,0.13860248132247044
36UT,NickOT30RH_FFCDC6A40E994D0Z0Z,19096,5,0.0261834939254291,38,0.19899455383326228
36UT,NickOT31RH_ACB09C92E60D4A3Z0Z,47643,60,0.1259366538631043,22,0.0461767730831385
36UT,NickOT33RH_DD623AEB119045CZ0Z,29185,6,0.020558506081891203,30,0.10279253040945636
36UT,NickOT34RH_EB296E9558E741CZ0Z,33588,10,0.029772537811123,19,0.056567821841133695
36UT,NickOT35RH_31F6A4241DF54FDZ0Z,38426,0,0.0,24,0.062457710924894494
36UT,NickOT36RH_F480ED73FAF049EZ0Z,41684,32,0.07676806448517233,40,0.09596008060646533
36UT,NickOT37RH_9B5A42A1FB1C45AZ0Z,64404,0,0.0,183,0.2841438419973874
36UT,NickOT38RH_C9568D1B6080495Z0Z,32042,1,0.0031209038137444,6,0.0187254228824664
36UT,NickOT39RH_3F7B9D88A44A46AZ0Z,17775,12,0.06751054852320629,21,0.11814345991561089
36UT,NickOT40RH_3DAC64CA60974A4Z0Z,12755,0,0.0,26,0.20384163073304445
36UT,NickOT41RH_7372373A1547415Z0Z,96661,8,0.0082763472341481,70,0.07241803829879612
36UT,NickOT42RH_DD88E29AE4424F0Z0Z,13574,1,0.0073670251952261,125,0.9208781494032641
36UT,NickOT43RH_07B3C758A452415Z0Z,8756,4,0.0456829602558244,7,0.0799451804476929
36UT,NickOT44RH_55878713FEA3459Z0Z,29620,7,0.023632680621201597,15,0.050641458474003594
36UT,NickOT45RH_FAFD133CE810441Z0Z,39060,10,0.025601638504864,29,0.074244751664106
36UT,NickOT46RH_23B3575E698C474Z0Z,15987,20,0.1251016450866324,35,0.21892787890160664
36UT,NickOT47RH_4242BA3B88394FEZ0Z,48192,9,0.0186752988047808,45,0.0933764940239042
36UT,NickOT48RH_4FF4210F37604C0Z0Z,9078,1,0.0110156422119409,6,0.0660938532716455
36UT,NickOT49RH_CCFEDC49EEBD497Z0Z,10777,3,0.0278370604064208,10,0.09279020135473631
36UT,NickOT50RH_27766B9776D941FZ0Z,24665,19,0.07703223190756121,19,0.0770322319075612
36UT,NickOT51RH_000B075906564E2Z0Z,197466,198,0.10027042630123169,123,0.06228920421743139
36UT,NickOT52RH_DE949C7EEE7B4E5Z0Z,115606,23,0.019895161150804704,68,0.05882047644585801
36UT,PegOT01RH_4D0B3A56DF8B48AZ0Z,90811,1,0.0011011881820484,18,0.0198213872768715
36UT,PegOT02RH_80F5BC9E15204D6Z0Z,95169,3,0.003152286984207,53,0.0556904033876572
36UT,PegOT03RH_9F88B74678F142AZ0Z,28691,2,0.006970827088634,5,0.017427067721585
36UT,PegOT04RH_5EFCB0357110466Z0Z,9967,26,0.26086084077455485,8,0.0802648740844784
36UT,PegOT05RH_731BA5E34E1543CZ0Z,56731,1,0.0017627046940826,18,0.0317286844934868
36UT,PegOT06RH_3FD344CA2C6349BZ0Z,12126,0,0.0,4,0.032986970146792
36UT,PegOT07RH_01D9BD680E1C439Z0Z,24868,0,0.0,14,0.0562972494772395
36UT,PegOT08RH_2626A04F7C39432Z0Z,35488,54,0.15216411181244177,29,0.08171776375112619
36UT,PegOT09RH_BCE37F58B720440Z0Z,46608,5,0.010727772056299,21,0.0450566426364567
36UT,PegOT10RH_492564EDE38F404Z0Z,9115,1,0.0109709270433351,16,0.1755348326933616
36UT,PegOT11RH_887CD721906445FZ0Z,6071,3,0.0494152528413768,31,0.5106242793608939
36UT,PegOT12RH_38B6DBC28872477Z0Z,26547,1,0.0037669039816175,1,0.0037669039816175
36UT,PegOT13RH_450C52431CC8476Z0Z,5115,0,0.0,2,0.0391006842619744
36UT,PegOT14RH_72498897C44B411Z0Z,4163,0,0.0,1,0.0240211386019697
36UT,PegOT15RH_C5D271FD6ABA43DZ0Z,73672,0,0.0,20,0.0271473558475402
36UT,PegOT16RH_034D06511A194E9Z0Z,8517,0,0.0,1,0.0117412234354819
36UT,PegOT17RH_EA1A967E442745AZ0Z,24241,8,0.033001938863908,30,0.12375727073965531
36UT,PegOT18RH_F8A82B7EDD4C49CZ0Z,58159,12,0.020633092040784402,39,0.06705754913254941
36UT,PegOT19RH_CA0DB0EEDCC54A4Z0Z,10474,29,0.2768760740882182,22,0.21004391827382057
36UT,PegOT20RH_56736BC330F2462Z0Z,24936,0,0.0,21,0.0842155919153031
36UT,PegOT21RH_2CF3FDAA244B414Z0Z,24861,0,0.0,26,0.10458147298982311
36UT,PegOT22RH_29A50A61F0E1412Z0Z,44283,0,0.0,21,0.047422261364404986
36UT,PegOT23RH_B7C1378C30E94E5Z0Z,35215,0,0.0,35,0.09938946471673918
36UT,PegOT24RH_CE26C591030640AZ0Z,54831,2,0.0036475716291878,4,0.0072951432583756
36UT,PegOT25RH_6E609636E2B443BZ0Z,14793,0,0.0,8,0.0540796322585005
36UT,PegOT26RH_CB4A29CC056346EZ0Z,48651,0,0.0,22,0.0452200365871193
36UT,PegOT27RH_EA4FC647D0AA413Z0Z,44456,10,0.022494151520604102,26,0.058484793953571285
36UT,PegOT28RH_21E9F9715FE84C4Z0Z,24044,1,0.0041590417567792,15,0.06238562635168819
36UT,PegOT29RH_3B3F42EF4D05485Z0Z,32232,1,0.003102506825515,2,0.00620501365103
36UT,PegOT30RH_17861622FB1F429Z0Z,24834,1,0.0040267375372473,2,0.0080534750744946
36UT,PegOT31RH_2471DCF94B86429Z0Z,32973,1,0.003032784399357,13,0.0394261971916411
36UT,PegOT32RH_0B3AE3C58D1B494Z0Z,44606,1,0.0022418508720799,48,0.10760884185983828
36UT,PegOT33RH_851EF8935C3A4B8Z0Z,56054,1,0.0017839940057801,10,0.017839940057801
36UT,PegOT34RH_EF27571CDD8F477Z0Z,85531,1,0.001169166734868,27,0.0315675018414366
36UT,PegOT35RH_6B42DDD218E046EZ0Z,5280,2,0.0378787878787878,6,0.11363636363636338
36UT,PegOT36RH_4F7546848A64487Z0Z,6267,0,0.0,24,0.38295835327908023
36UT,PegOT37RH_C404BD2AC9A74E8Z0Z,48194,0,0.0,45,0.09337261899821479
36UT,PegOT38RH_7EAAD8FD4EDC46CZ0Z,87,0,0.0,0,0.0
36UT,PegOT39RH_01361C97532F4B3Z0Z,9840,0,0.0,13,0.1321138211382109
36UT,PegOT40RH_E0D5EBBAC1164EEZ0Z,64537,2,0.003098997474317,12,0.0185939848459021
36UT,PegOT41RH_636F96A380514BEZ0Z,43430,1,0.002302555836979,22,0.05065622841353869
36UT,PegOT42RH_066A73D77867477Z0Z,44341,2,0.0045104981845244,45,0.1014862091518001
36UT,PegOT43RH_96959E1A9DE84ECZ0Z,38845,1,0.0025743338911056,25,0.0643583472776413
36UT,PegOT44RH_02EF30E8A77E4EFZ0Z,22547,1,0.0044351798465427,24,0.10644431631702578
36UT,PegOT45RH_79AD8395EDDB4F9Z0Z,47550,0,0.0,29,0.06098843322818071
36UT,PegOT46RH_5F9FEFD3873046DZ0Z,55205,0,0.0,21,0.03804003260574149
36UT,PegOT47RH_65B6C9A5FA084FFZ0Z,24199,0,0.0,12,0.04958882598454459
36UT,PegOT48RH_0B1C67CF94B6472Z0Z,29138,0,0.0,12,0.041183334477314405
36UT,PegOT50RH_40A3A38B0B574CEZ0Z,35121,5,0.0142364966828962,31,0.08826627943395574
36UT,SgOT17RH_C005E7241F5A408Z0Z,95330,2,0.002097975453687,122,0.12797650267491312
36UT,SgOT24RH_068682E0B6C7412Z0Z,4772,0,0.0,4,0.0838222967309304
36UT,SgOT29RH_A377C1890FA546CZ0Z,64928,3,0.0046205027106948,2,0.0030803351404632
36UT,SgOT31RH_B83DD2512D79488Z0Z,34417,4,0.0116221634657288,42,0.1220327163901536
36UT,SgOT32RH_97C5FEA1EF99408Z0Z,36589,0,0.0,35,0.09565716472163702
36UT,SgOT35RH_6DBB94C7B9F845EZ0Z,26789,53,0.19784239799917763,30,0.11198626301840199
36UT,SgOT36RH_7AED8AAB18A6434Z0Z,66411,15,0.022586619686497503,54,0.0813118308713915
36UT,SgOT40RH_C4CBDD69B16D4F8Z0Z,31140,0,0.0,10,0.032113037893384
36UT,SgOT42RH_15C6A0899E62401Z0Z,10570,0,0.0,10,0.09460737937559119
36UT,SgOT43RH_D1281FACCD2D4FEZ0Z,28141,1,0.0035535339895526,4,0.0142141359582104
36UT,SgOT46RH_3435C6DA25E04A3Z0Z,25177,0,0.0,3,0.0119156372880009
36UT,SgOT48RH_1F33DB76216A4FFZ0Z,34787,0,0.0,33,0.09486302354327722
36UT,SgOT50RH_B5205F4C00ED488Z0Z,41574,2,0.0048106989945638,18,0.04329629095107479
24UT,NickOT01RH_62B6A820FDF94C2Z0Z,38496,28,0.07273482959268461,19,0.0493557772236074
24UT,NickOT02RH_35BC5AF030D34C7Z0Z,55577,13,0.023390971085161003,8,0.014394443744714398
24UT,NickOT03RH_DD6B627905E0458Z0Z,9851,2,0.0203025073596589,12,0.12181504415795309
24UT,NickOT04RH_071B887871A845EZ0Z,26339,10,0.037966513535062,22,0.08352632977713649
24UT,NickOT05RH_485B7F52727044CZ0Z,42867,32,0.07464949728229142,53,0.1236382298737954
24UT,NickOT06RH_843EDB16D134459Z0Z,9108,1,0.0109793588054457,5,0.05489679402722859
24UT,NickOT07RH_BAC613B7B4F5408Z0Z,34563,1,0.0028932673668373,13,0.03761247576888531
24UT,NickOT08RH_A4470941BD3D458Z0Z,31198,8,0.0256426694018843,42,0.13462401435989374
24UT,NickOT09RH_918E7D3A8A7843BZ0Z,31517,5,0.0158644541041341,59,0.18720055842878375
24UT,NickOT10RH_2FC8D18557514C0Z0Z,23624,1,0.004232983406705,22,0.0931256349475106
24UT,NickOT11RH_486554E8427E4F1Z0Z,22794,10,0.0438711941739052,15,0.0658067912608579
24UT,NickOT12RH_DD0DFFFBE66B40BZ0Z,23801,11,0.04621654552329679,40,0.16806016553926179
24UT,NickOT13RH_633B440D185C4F9Z0Z,10027,6,0.0598384362222,5,0.0498653635185
24UT,NickOT14RH_1F6FFA8E1E0847FZ0Z,24064,0,0.0,25,0.10388962765957371
24UT,NickOT15RH_B81EB3F2A3FC4EFZ0Z,2883,1,0.0346860908775581,4,0.1387443635102324
24UT,NickOT16RH_BAA8CE4BBE12445Z0Z,20595,10,0.048555474629764304,21,0.10196649672250488
24UT,NickOT17RH_5FBF949B1FE6486Z0Z,19911,9,0.0452011450956754,15,0.0753352418261255
24UT,NickOT18RH_27D5C64EAE8846EZ0Z,13561,0,0.0,16,0.1179853993068354
24UT,NickOT19RH_2D095AFBA5B84B3Z0Z,3277,0,0.0,11,0.33567287152883674
24UT,NickOT20RH_3417DD3BC44C48AZ0Z,88289,50,0.05663219653637291,127,0.1438457792023863
24UT,NickOT21RH_CFE0A0AD68AB464Z0Z,6887,4,0.0580804414113546,12,0.17424132423406377
24UT,NickOT23RH_D8A6D93501C04EAZ0Z,8644,6,0.0694123091161497,11,0.1272559000462746
24UT,NickOT24RH_7392BED4418448FZ0Z,8084,3,0.037110341415140996,1,0.012370113805047
24UT,NickOT25RH_86BA87C0E80A429Z0Z,3742,0,0.0,0,0.0
24UT,NickOT26RH_6D55E228D08145AZ0Z,26159,8,0.0305822088000304,27,0.10321495470010288
24UT,NickOT28RH_6D36DC442D1E438Z0Z,9521,1,0.0105030984140321,11,0.1155340825543534
24UT,NickOT29RH_95C15E59C219421Z0Z,21560,18,0.08348794063079773,15,0.06957328385899811
24UT,NickOT30RH_FFCDC6A40E994D0Z0Z,13808,2,0.0144843568945538,10,0.0724217844727692
24UT,NickOT31RH_ACB09C92E60D4A3Z0Z,36050,44,0.1220527045769742,32,0.08876560332870903
24UT,NickOT33RH_DD623AEB119045CZ0Z,15705,1,0.0063673989175421,14,0.08914358484559018
24UT,NickOT34RH_EB296E9558E741CZ0Z,25422,10,0.039336008181889405,21,0.0826056171819677
24UT,NickOT35RH_31F6A4241DF54FDZ0Z,27913,0,0.0,21,0.07523376204635791
24UT,NickOT36RH_F480ED73FAF049EZ0Z,33135,23,0.0694130073939936,33,0.09959257582616499
24UT,NickOT37RH_9B5A42A1FB1C45AZ0Z,56985,0,0.0,182,0.31938229358603054
24UT,NickOT38RH_C9568D1B6080495Z0Z,16267,0,0.0,5,0.030737075059937
24UT,NickOT39RH_3F7B9D88A44A46AZ0Z,12930,8,0.061871616395978,11,0.08507347254446959
24UT,NickOT40RH_3DAC64CA60974A4Z0Z,5644,0,0.0,11,0.19489723600283418
24UT,NickOT41RH_7372373A1547415Z0Z,83634,15,0.017935289475571797,62,0.07413252983236379
24UT,NickOT42RH_DD88E29AE4424F0Z0Z,7715,0,0.0,85,1.1017498379779609
24UT,NickOT43RH_07B3C758A452415Z0Z,7606,0,0.0,13,0.1709176965553508
24UT,NickOT44RH_55878713FEA3459Z0Z,25808,8,0.0309981401115931,17,0.0658710477371353
24UT,NickOT45RH_FAFD133CE810441Z0Z,27921,14,0.0501414705777009,19,0.0680491386411658
24UT,NickOT46RH_23B3575E698C474Z0Z,13075,9,0.068833652007648,17,0.13001912045889058
24UT,NickOT47RH_4242BA3B88394FEZ0Z,46750,8,0.0171122994652404,33,0.07058823529411659
24UT,NickOT48RH_4FF4210F37604C0Z0Z,8593,5,0.0581868963109506,5,0.0581868963109507
24UT,NickOT49RH_CCFEDC49EEBD497Z0Z,6799,0,0.0,7,0.10295631710545661
24UT,NickOT50RH_27766B9776D941FZ0Z,19378,11,0.05676540406646669,10,0.051604912787696994
24UT,NickOT51RH_000B075906564E2Z0Z,175088,177,0.1010920222973572,150,0.08567120533674374
24UT,NickOT52RH_DE949C7EEE7B4E5Z0Z,96780,10,0.010332713370531,63,0.0650960942343457
24UT,PegOT01RH_4D0B3A56DF8B48AZ0Z,79111,3,0.0037921401575002,14,0.0176966540683342
24UT,PegOT02RH_80F5BC9E15204D6Z0Z,87233,0,0.0,63,0.072220375316679
24UT,PegOT03RH_9F88B74678F142AZ0Z,20743,1,0.0048209034373041,8,0.0385672274984328
24UT,PegOT04RH_5EFCB0357110466Z0Z,4292,11,0.25629077353215274,0,0.0
24UT,PegOT05RH_731BA5E34E1543CZ0Z,31292,0,0.0,13,0.0415441646427197
24UT,PegOT06RH_3FD344CA2C6349BZ0Z,4686,0,0.0,4,0.0853606487409304
24UT,PegOT07RH_01D9BD680E1C439Z0Z,27629,0,0.0,22,0.0796264794237932
24UT,PegOT08RH_2626A04F7C39432Z0Z,23754,17,0.0715668939968,12,0.0505178075271529
24UT,PegOT09RH_BCE37F58B720440Z0Z,36518,0,0.0,17,0.0465523851251432
24UT,PegOT10RH_492564EDE38F404Z0Z,4712,0,0.0,6,0.1273344651952458
24UT,PegOT11RH_887CD721906445FZ0Z,4693,2,0.042616663115278,23,0.49009162582569704
24UT,PegOT12RH_38B6DBC28872477Z0Z,25797,1,0.0038764197387293,8,0.0310113579098344
24UT,PegOT13RH_450C52431CC8476Z0Z,8651,0,0.0,2,0.0231187145994682
24UT,PegOT14RH_72498897C44B411Z0Z,2499,0,0.0,1,0.040016006402561
24UT,PegOT15RH_C5D271FD6ABA43DZ0Z,82383,1,0.0012138426617141,19,0.0230630105725686
24UT,PegOT16RH_034D06511A194E9Z0Z,6041,0,0.0,1,0.016553550736633
24UT,PegOT17RH_EA1A967E442745AZ0Z,25460,1,0.0039277297721916,33,0.12961508248232342
24UT,PegOT18RH_F8A82B7EDD4C49CZ0Z,47297,6,0.012685794024990602,42,0.0888005581749364
24UT,PegOT19RH_CA0DB0EEDCC54A4Z0Z,5124,11,0.21467603434816548,7,0.13661202185792348
24UT,PegOT20RH_56736BC330F2462Z0Z,22411,1,0.0044620945071616,19,0.08477979563607121
24UT,PegOT21RH_2CF3FDAA244B414Z0Z,14070,1,0.0071073205401563,8,0.05685856432125071
24UT,PegOT22RH_29A50A61F0E1412Z0Z,32068,0,0.0,16,0.0498939753024819
24UT,PegOT23RH_B7C1378C30E94E5Z0Z,25399,1,0.0039371628804283,22,0.08661758336942328
24UT,PegOT24RH_CE26C591030640AZ0Z,45121,12,0.0265951552492181,5,0.011081314687174
24UT,PegOT25RH_6E609636E2B443BZ0Z,26214,0,0.0,32,0.12207217517357133
24UT,PegOT26RH_CB4A29CC056346EZ0Z,36542,0,0.0,13,0.0355755021618958
24UT,PegOT27RH_EA4FC647D0AA413Z0Z,41109,10,0.024325573475394303,27,0.06567904838356481
24UT,PegOT28RH_21E9F9715FE84C4Z0Z,21317,0,0.0,15,0.0703663742552887
24UT,PegOT29RH_3B3F42EF4D05485Z0Z,29409,0,0.0,6,0.0204019177802712
24UT,PegOT30RH_17861622FB1F429Z0Z,20913,0,0.0,2,0.0095634294457992
24UT,PegOT31RH_2471DCF94B86429Z0Z,25440,1,0.0039308176100628,16,0.0628930817610053
24UT,PegOT32RH_0B3AE3C58D1B494Z0Z,38737,1,0.0025815112166662,58,0.14972765056664086
24UT,PegOT33RH_851EF8935C3A4B8Z0Z,44791,4,0.0089303654752069,13,0.0290236877944222
24UT,PegOT34RH_EF27571CDD8F477Z0Z,86825,5,0.005758710048949,23,0.026490066225165386
24UT,PegOT35RH_6B42DDD218E046EZ0Z,3459,0,0.0,9,0.2601908065915002
24UT,PegOT36RH_4F7546848A64487Z0Z,1695,0,0.0,2,0.1179941002949852
24UT,PegOT37RH_C404BD2AC9A74E8Z0Z,33927,0,0.0,17,0.05010758393020231
24UT,PegOT38RH_7EAAD8FD4EDC46CZ0Z,74,0,0.0,0,0.0
24UT,PegOT39RH_01361C97532F4B3Z0Z,7492,1,0.0133475707421249,15,0.20021356113187344
24UT,PegOT40RH_E0D5EBBAC1164EEZ0Z,57301,8,0.013961361930856097,15,0.026177553620355204
24UT,PegOT41RH_636F96A380514BEZ0Z,31839,0,0.0,29,0.0910832626652836
24UT,PegOT42RH_066A73D77867477Z0Z,42101,3,0.0071257214792997,40,0.09500961972399657
24UT,PegOT43RH_96959E1A9DE84ECZ0Z,37032,2,0.0054007344998918,26,0.0702095484985946
24UT,PegOT44RH_02EF30E8A77E4EFZ0Z,15780,0,0.0,13,0.0823827629911276
24UT,PegOT45RH_79AD8395EDDB4F9Z0Z,32506,0,0.0,12,0.0369162616132404
24UT,PegOT46RH_5F9FEFD3873046DZ0Z,54860,3,0.0054684651841047,26,0.047393364928908895
24UT,PegOT47RH_65B6C9A5FA084FFZ0Z,15404,0,0.0,9,0.0584263827577252
24UT,PegOT48RH_0B1C67CF94B6472Z0Z,12667,0,0.0,2,0.0157890581826794
24UT,PegOT50RH_40A3A38B0B574CEZ0Z,20848,1,0.0047966231772831,25,0.1199155794320782
24UT,SgOT17RH_C005E7241F5A408Z0Z,80408,1,0.0012436573475276,87,0.1081981892349016
24UT,SgOT24RH_068682E0B6C7412Z0Z,3250,0,0.0,3,0.0923076923076922
24UT,SgOT29RH_A377C1890FA546CZ0Z,50457,2,0.0039637711318548,2,0.0039637711318548
24UT,SgOT31RH_B83DD2512D79488Z0Z,30588,5,0.016346279586766,56,0.18307833137177926
24UT,SgOT32RH_97C5FEA1EF99408Z0Z,30615,1,0.0032663726931242,42,0.13718765311121858
24UT,SgOT35RH_6DBB94C7B9F845EZ0Z,27010,52,0.19252128841169838,21,0.0777489818585701
24UT,SgOT36RH_7AED8AAB18A6434Z0Z,57180,4,0.0069954529555788,52,0.090940888422525
24UT,SgOT40RH_C4CBDD69B16D4F8Z0Z,21539,0,0.0,8,0.0371419285946416
24UT,SgOT42RH_15C6A0899E62401Z0Z,10359,0,0.0,6,0.0579206487112652
24UT,SgOT43RH_D1281FACCD2D4FEZ0Z,19856,0,0.0,1,0.0050362610797743
24UT,SgOT46RH_3435C6DA25E04A3Z0Z,16285,1,0.0061406202026404,3,0.0184218606079212
24UT,SgOT48RH_1F33DB76216A4FFZ0Z,26789,0,0.0,20,0.07465750867893449
24UT,SgOT50RH_B5205F4C00ED488Z0Z,30098,2,0.0066449597979932,6,0.019934879393979598
24EDIT,NickOT01RH_62B6A820FDF94C2Z0Z,50833,18,0.035410068262742594,26,0.05114787637951709
24EDIT,NickOT02RH_35BC5AF030D34C7Z0Z,71527,25,0.0349518363694826,11,0.0153788080025723
24EDIT,NickOT03RH_DD6B627905E0458Z0Z,14788,4,0.0270489586150932,26,0.1758182309981063
24EDIT,NickOT04RH_071B887871A845EZ0Z,35331,13,0.0367948826809317,16,0.0452860094534544
24EDIT,NickOT05RH_485B7F52727044CZ0Z,51631,38,0.07359919428250357,42,0.08134647789118847
24EDIT,NickOT06RH_843EDB16D134459Z0Z,12739,2,0.0156998194520762,8,0.0627992778083051
24EDIT,NickOT07RH_BAC613B7B4F5408Z0Z,49789,5,0.010042378838699099,12,0.0241017092128778
24EDIT,NickOT08RH_A4470941BD3D458Z0Z,45452,12,0.0264014784827948,65,0.14300800844847078
24EDIT,NickOT09RH_918E7D3A8A7843BZ0Z,44379,0,0.0,69,0.1554789427431879
24EDIT,NickOT10RH_2FC8D18557514C0Z0Z,31660,2,0.0063171193935564,32,0.1010739102969035
24EDIT,NickOT11RH_486554E8427E4F1Z0Z,27356,19,0.0694545986255292,18,0.065799093434712
24EDIT,NickOT12RH_DD0DFFFBE66B40BZ0Z,35745,19,0.053154287312910206,33,0.09232060428031792
24EDIT,NickOT13RH_633B440D185C4F9Z0Z,14414,10,0.0693769945885942,13,0.09019009296517261
24EDIT,NickOT14RH_1F6FFA8E1E0847FZ0Z,33043,1,0.0030263595920467,28,0.08473806857730798
24EDIT,NickOT15RH_B81EB3F2A3FC4EFZ0Z,3483,2,0.0574217628481194,7,0.2009761699684179
24EDIT,NickOT16RH_BAA8CE4BBE12445Z0Z,29097,13,0.044678145513283106,29,0.09966663229886231
24EDIT,NickOT17RH_5FBF949B1FE6486Z0Z,27516,8,0.029073993312981102,37,0.13446721907253822
24EDIT,NickOT18RH_27D5C64EAE8846EZ0Z,20405,1,0.0049007596177407,22,0.10781671159029589
24EDIT,NickOT19RH_2D095AFBA5B84B3Z0Z,4743,0,0.0,14,0.2951718321737295
24EDIT,NickOT20RH_3417DD3BC44C48AZ0Z,104367,1643,1.574252397788559,150,0.143723590790191
24EDIT,NickOT21RH_CFE0A0AD68AB464Z0Z,10042,7,0.0697072296355306,6,0.0597490539733119
24EDIT,NickOT23RH_D8A6D93501C04EAZ0Z,12948,14,0.10812480691998738,9,0.0695088044485633
24EDIT,NickOT24RH_7392BED4418448FZ0Z,12110,10,0.0825763831544175,2,0.0165152766308835
24EDIT,NickOT25RH_86BA87C0E80A429Z0Z,5422,2,0.0368867576540022,0,0.0
24EDIT,NickOT26RH_6D55E228D08145AZ0Z,48077,26,0.0540799134721381,55,0.1143998169602923
24EDIT,NickOT28RH_6D36DC442D1E438Z0Z,13695,8,0.0584154801022264,11,0.0803212851405619
24EDIT,NickOT29RH_95C15E59C219421Z0Z,29462,18,0.06109564863213621,27,0.09164347294820388
24EDIT,NickOT30RH_FFCDC6A40E994D0Z0Z,20636,3,0.0145377011048652,24,0.11630160883892189
24EDIT,NickOT31RH_ACB09C92E60D4A3Z0Z,50561,34,0.0672455054290856,47,0.0929570222107948
24EDIT,NickOT33RH_DD623AEB119045CZ0Z,20736,2,0.009645061728395,22,0.10609567901234548
24EDIT,NickOT34RH_EB296E9558E741CZ0Z,35714,12,0.033600268802150404,20,0.05600044800358401
24EDIT,NickOT35RH_31F6A4241DF54FDZ0Z,41333,1,0.0024193743497931,31,0.07500060484358669
24EDIT,NickOT36RH_F480ED73FAF049EZ0Z,44985,17,0.03779037456929981,33,0.07335778592864138
24EDIT,NickOT37RH_9B5A42A1FB1C45AZ0Z,78002,0,0.0,228,0.29230019743083097
24EDIT,NickOT38RH_C9568D1B6080495Z0Z,23986,0,0.0,11,0.0458600850496118
24EDIT,NickOT39RH_3F7B9D88A44A46AZ0Z,18775,8,0.0426098535286282,25,0.1331557922769632
24EDIT,NickOT40RH_3DAC64CA60974A4Z0Z,8366,0,0.0,12,0.14343772412144282
24EDIT,NickOT41RH_7372373A1547415Z0Z,104328,17,0.0162947626715735,62,0.0594279579786815
24EDIT,NickOT42RH_DD88E29AE4424F0Z0Z,12099,0,0.0,104,0.8595751715017705
24EDIT,NickOT43RH_07B3C758A452415Z0Z,10229,3,0.029328380095806003,11,0.10753739368462212
24EDIT,NickOT44RH_55878713FEA3459Z0Z,34301,7,0.020407568292469397,18,0.05247660418063601
24EDIT,NickOT45RH_FAFD133CE810441Z0Z,40292,15,0.037228233892584,32,0.0794202323041793
24EDIT,NickOT46RH_23B3575E698C474Z0Z,15763,7,0.0444077903952292,15,0.09515955084691968
24EDIT,NickOT47RH_4242BA3B88394FEZ0Z,60909,7,0.011492554466499,48,0.07880608777027938
24EDIT,NickOT48RH_4FF4210F37604C0Z0Z,12040,6,0.0498338870431893,9,0.07475083056478381
24EDIT,NickOT49RH_CCFEDC49EEBD497Z0Z,9936,5,0.050322061191626,12,0.12077294685990281
24EDIT,NickOT50RH_27766B9776D941FZ0Z,27235,20,0.073434918303652,23,0.0844501560492001
24EDIT,NickOT51RH_000B075906564E2Z0Z,235098,198,0.0842201975346416,180,0.0765638159405833
24EDIT,NickOT52RH_DE949C7EEE7B4E5Z0Z,124559,26,0.0208736422097146,107,0.08590306601690509
24EDIT,PegOT01RH_4D0B3A56DF8B48AZ0Z,104878,1,0.0009534888155761,19,0.018116287495947295
24EDIT,PegOT02RH_80F5BC9E15204D6Z0Z,117820,1,0.0008487523340689,83,0.0704464437277193
24EDIT,PegOT03RH_9F88B74678F142AZ0Z,28487,1,0.0035103731526661,12,0.042124477831993204
24EDIT,PegOT04RH_5EFCB0357110466Z0Z,7014,10,0.14257199885942398,1,0.0142571998859424
24EDIT,PegOT05RH_731BA5E34E1543CZ0Z,44187,1,0.0022631090592255,19,0.0429990721252846
24EDIT,PegOT06RH_3FD344CA2C6349BZ0Z,7943,0,0.0,1,0.0125897016240715
24EDIT,PegOT07RH_01D9BD680E1C439Z0Z,40941,0,0.0,24,0.0586209423316472
24EDIT,PegOT08RH_2626A04F7C39432Z0Z,32268,36,0.11156563778356142,17,0.05268377339779299
24EDIT,PegOT09RH_BCE37F58B720440Z0Z,49238,4,0.008123806815873701,17,0.0345261789674635
24EDIT,PegOT10RH_492564EDE38F404Z0Z,7671,0,0.0,17,0.2216138704210662
24EDIT,PegOT11RH_887CD721906445FZ0Z,6873,3,0.0436490615451765,33,0.4801396769969416
24EDIT,PegOT12RH_38B6DBC28872477Z0Z,32553,1,0.0030719134949159,9,0.027647221454243198
24EDIT,PegOT13RH_450C52431CC8476Z0Z,11459,0,0.0,2,0.0174535299764376
24EDIT,PegOT14RH_72498897C44B411Z0Z,3711,0,0.0,3,0.0808407437348421
24EDIT,PegOT15RH_C5D271FD6ABA43DZ0Z,97818,0,0.0,19,0.0194238279253302
24EDIT,PegOT16RH_034D06511A194E9Z0Z,7971,0,0.0,2,0.0250909547108266
24EDIT,PegOT17RH_EA1A967E442745AZ0Z,35105,3,0.008545791197834999,38,0.10824668850591017
24EDIT,PegOT18RH_F8A82B7EDD4C49CZ0Z,65245,10,0.015326844968963,32,0.049045903900681906
24EDIT,PegOT19RH_CA0DB0EEDCC54A4Z0Z,7565,24,0.31725049570389907,7,0.0925313945803038
24EDIT,PegOT20RH_56736BC330F2462Z0Z,30032,0,0.0,23,0.0765849760255722
24EDIT,PegOT21RH_2CF3FDAA244B414Z0Z,20424,5,0.0244810027418721,15,0.0734430082256165
24EDIT,PegOT22RH_29A50A61F0E1412Z0Z,44294,0,0.0,24,0.0541834108457117
24EDIT,PegOT23RH_B7C1378C30E94E5Z0Z,31416,2,0.006366182836771,39,0.12414056531703523
24EDIT,PegOT24RH_CE26C591030640AZ0Z,59968,5,0.008337780149413,4,0.0066702241195304
24EDIT,PegOT25RH_6E609636E2B443BZ0Z,34411,0,0.0,26,0.07555723460521341
24EDIT,PegOT26RH_CB4A29CC056346EZ0Z,51816,1,0.0019299058205959,16,0.030878493129534498
24EDIT,PegOT27RH_EA4FC647D0AA413Z0Z,51649,9,0.017425313171600402,16,0.030978334527289698
24EDIT,PegOT28RH_21E9F9715FE84C4Z0Z,28341,0,0.0,29,0.10232525316678891
24EDIT,PegOT29RH_3B3F42EF4D05485Z0Z,39698,0,0.0,6,0.0151141115421426
24EDIT,PegOT30RH_17861622FB1F429Z0Z,30470,2,0.0065638332786346,0,0.0
24EDIT,PegOT31RH_2471DCF94B86429Z0Z,33651,1,0.0029716798906421,20,0.059433597812842395
24EDIT,PegOT32RH_0B3AE3C58D1B494Z0Z,52475,0,0.0,62,0.11815150071462528
24EDIT,PegOT33RH_851EF8935C3A4B8Z0Z,59751,0,0.0,12,0.020083345885424403
24EDIT,PegOT34RH_EF27571CDD8F477Z0Z,120386,6,0.0049839682355088,29,0.024089179804959903
24EDIT,PegOT35RH_6B42DDD218E046EZ0Z,4914,3,0.0610500610500609,6,0.1221001221001218
24EDIT,PegOT36RH_4F7546848A64487Z0Z,3101,0,0.0,12,0.38697194453402073
24EDIT,PegOT37RH_C404BD2AC9A74E8Z0Z,48345,0,0.0,43,0.08894404798841551
24EDIT,PegOT38RH_7EAAD8FD4EDC46CZ0Z,71,0,0.0,0,0.0
24EDIT,PegOT39RH_01361C97532F4B3Z0Z,10156,0,0.0,9,0.0886175659708542
24EDIT,PegOT40RH_E0D5EBBAC1164EEZ0Z,75103,3,0.0039945142004979,18,0.023967085202987397
24EDIT,PegOT41RH_636F96A380514BEZ0Z,44068,2,0.0045384405918126,37,0.0839611509485338
24EDIT,PegOT42RH_066A73D77867477Z0Z,52819,4,0.0075730324315113,32,0.06058425945209039
24EDIT,PegOT43RH_96959E1A9DE84ECZ0Z,46565,1,0.002147535702781,39,0.0837538924084602
24EDIT,PegOT44RH_02EF30E8A77E4EFZ0Z,24374,0,0.0,20,0.0820546483958309
24EDIT,PegOT45RH_79AD8395EDDB4F9Z0Z,46072,2,0.0043410314290674,29,0.06294495572147879
24EDIT,PegOT46RH_5F9FEFD3873046DZ0Z,74753,1,0.0013377389536205,33,0.044145385469478104
24EDIT,PegOT47RH_65B6C9A5FA084FFZ0Z,22692,0,0.0,17,0.07491627005111909
24EDIT,PegOT48RH_0B1C67CF94B6472Z0Z,18786,0,0.0,7,0.0372617906951983
24EDIT,PegOT50RH_40A3A38B0B574CEZ0Z,30819,1,0.0032447516142639,31,0.10058730004218107
24EDIT,SgOT17RH_C005E7241F5A408Z0Z,107797,6,0.005566017607168799,104,0.09647763852426108
24EDIT,SgOT24RH_068682E0B6C7412Z0Z,4603,0,0.0,1,0.0217249619813165
24EDIT,SgOT29RH_A377C1890FA546CZ0Z,66143,3,0.0045356273528565,4,0.006047503137142101
24EDIT,SgOT31RH_B83DD2512D79488Z0Z,42614,8,0.0187731731355888,100,0.23466466419486115
24EDIT,SgOT32RH_97C5FEA1EF99408Z0Z,38755,2,0.0051606244355566,59,0.15223842084892178
24EDIT,SgOT35RH_6DBB94C7B9F845EZ0Z,28826,82,0.28446541316866636,26,0.09019635051689402
24EDIT,SgOT36RH_7AED8AAB18A6434Z0Z,65147,4,0.0061399603972553006,51,0.07828449506500545
24EDIT,SgOT40RH_C4CBDD69B16D4F8Z0Z,30815,0,0.0,8,0.0259613824436144
24EDIT,SgOT42RH_15C6A0899E62401Z0Z,14614,0,0.0,8,0.0547420281921445
24EDIT,SgOT43RH_D1281FACCD2D4FEZ0Z,27203,0,0.0,1,0.0036760651398742
24EDIT,SgOT46RH_3435C6DA25E04A3Z0Z,24122,1,0.0041455932343918,2,0.0082911864687836
24EDIT,SgOT48RH_1F33DB76216A4FFZ0Z,37605,1,0.0026592208482914,39,0.1037096130833654
24EDIT,SgOT50RH_B5205F4C00ED488Z0Z,43592,2,0.004587997797761,8,0.0183519911910441
36EDIT,NickOT01RH_62B6A820FDF94C2Z0Z,38754,16,0.041286060793723905,39,0.1006347731847029
36EDIT,NickOT02RH_35BC5AF030D34C7Z0Z,56952,13,0.022826239640398503,9,0.015802781289506403
36EDIT,NickOT03RH_DD6B627905E0458Z0Z,10914,1,0.0091625435220817,23,0.21073850100787953
36EDIT,NickOT04RH_071B887871A845EZ0Z,27143,8,0.029473529086688897,23,0.08473639612423059
36EDIT,NickOT05RH_485B7F52727044CZ0Z,43954,23,0.0523274332256446,52,0.11830550120580509
36EDIT,NickOT06RH_843EDB16D134459Z0Z,8914,5,0.056091541395557505,13,0.1458380076284496
36EDIT,NickOT07RH_BAC613B7B4F5408Z0Z,35469,3,0.008458090163241,13,0.0366517240407113
36EDIT,NickOT08RH_A4470941BD3D458Z0Z,34287,15,0.0437483594365205,33,0.0962463907603452
36EDIT,NickOT09RH_918E7D3A8A7843BZ0Z,44701,5,0.0111854320932416,79,0.1767298270732186
36EDIT,NickOT10RH_2FC8D18557514C0Z0Z,25239,2,0.007924244225207,22,0.0871666864772771
36EDIT,NickOT11RH_486554E8427E4F1Z0Z,18858,12,0.06363347120585411,9,0.04772510340439051
36EDIT,NickOT12RH_DD0DFFFBE66B40BZ0Z,25430,15,0.058985450255603304,24,0.0943767204089649
36EDIT,NickOT13RH_633B440D185C4F9Z0Z,10573,7,0.06620637472808051,6,0.056748321195497706
36EDIT,NickOT14RH_1F6FFA8E1E0847FZ0Z,24684,0,0.0,34,0.13774104683195582
36EDIT,NickOT15RH_B81EB3F2A3FC4EFZ0Z,3078,0,0.0,4,0.1299545159194281
36EDIT,NickOT16RH_BAA8CE4BBE12445Z0Z,22802,5,0.0219279010613101,31,0.1359529865801234
36EDIT,NickOT17RH_5FBF949B1FE6486Z0Z,20836,10,0.04799385678633109,38,0.18237665578805837
36EDIT,NickOT18RH_27D5C64EAE8846EZ0Z,13904,0,0.0,23,0.16542002301495967
36EDIT,NickOT19RH_2D095AFBA5B84B3Z0Z,3540,0,0.0,8,0.22598870056497142
36EDIT,NickOT20RH_3417DD3BC44C48AZ0Z,81980,1076,1.3125152476213418,93,0.11344230300072722
36EDIT,NickOT21RH_CFE0A0AD68AB464Z0Z,7177,1,0.0139333983558589,3,0.0418001950675768
36EDIT,NickOT23RH_D8A6D93501C04EAZ0Z,9508,5,0.0525872949095496,11,0.1156920488010096
36EDIT,NickOT24RH_7392BED4418448FZ0Z,8661,4,0.0461840434130008,1,0.0115460108532502
36EDIT,NickOT25RH_86BA87C0E80A429Z0Z,3812,1,0.0262329485834207,0,0.0
36EDIT,NickOT26RH_6D55E228D08145AZ0Z,43448,14,0.032222426809058596,40,0.0920640765973107
36EDIT,NickOT28RH_6D36DC442D1E438Z0Z,10117,5,0.049421765345458,11,0.10872788376000769
36EDIT,NickOT29RH_95C15E59C219421Z0Z,22046,12,0.0544316429284214,18,0.08164746439263289
36EDIT,NickOT30RH_FFCDC6A40E994D0Z0Z,14815,1,0.0067499156260546,6,0.0404994937563279
36EDIT,NickOT31RH_ACB09C92E60D4A3Z0Z,36260,45,0.12410369553226631,41,0.11307225592939812
36EDIT,NickOT33RH_DD623AEB119045CZ0Z,17848,6,0.0336172120125504,21,0.11766024204392636
36EDIT,NickOT34RH_EB296E9558E741CZ0Z,26664,16,0.060006000600059804,11,0.04125412541254091
36EDIT,NickOT35RH_31F6A4241DF54FDZ0Z,29331,1,0.0034093621083495,24,0.08182469060038829
36EDIT,NickOT36RH_F480ED73FAF049EZ0Z,33502,18,0.053728135633692595,22,0.06566772133006868
36EDIT,NickOT37RH_9B5A42A1FB1C45AZ0Z,60217,0,0.0,173,0.2872942856668346
36EDIT,NickOT38RH_C9568D1B6080495Z0Z,18146,0,0.0,2,0.011021712774165
36EDIT,NickOT39RH_3F7B9D88A44A46AZ0Z,14411,5,0.034695718548331,12,0.08326972451599439
36EDIT,NickOT40RH_3DAC64CA60974A4Z0Z,7609,0,0.0,11,0.14456564594559007
36EDIT,NickOT41RH_7372373A1547415Z0Z,87102,10,0.011480792633923303,59,0.06773667654014759
36EDIT,NickOT42RH_DD88E29AE4424F0Z0Z,9071,0,0.0,90,0.9921728585602446
36EDIT,NickOT43RH_07B3C758A452415Z0Z,7921,3,0.0378740058073473,5,0.0631233430122458
36EDIT,NickOT44RH_55878713FEA3459Z0Z,26889,11,0.040908921863958995,15,0.05578489345085309
36EDIT,NickOT45RH_FAFD133CE810441Z0Z,30972,10,0.032287227172930096,27,0.0871755133669117
36EDIT,NickOT46RH_23B3575E698C474Z0Z,13449,7,0.052048479440850504,60,0.44612982377871824
36EDIT,NickOT47RH_4242BA3B88394FEZ0Z,48574,14,0.028822003540988593,62,0.1276403013958068
36EDIT,NickOT48RH_4FF4210F37604C0Z0Z,8992,2,0.0222419928825622,10,0.11120996441281121
36EDIT,NickOT49RH_CCFEDC49EEBD497Z0Z,7795,2,0.0256574727389352,8,0.10262989095574081
36EDIT,NickOT50RH_27766B9776D941FZ0Z,20115,20,0.09942828734775001,11,0.0546855580412625
36EDIT,NickOT51RH_000B075906564E2Z0Z,182245,188,0.103157836977693,136,0.0746248182391826
36EDIT,NickOT52RH_DE949C7EEE7B4E5Z0Z,99594,16,0.0160652248127394,62,0.0622527461493657
36EDIT,PegOT01RH_4D0B3A56DF8B48AZ0Z,81991,2,0.0024392921174274,15,0.0182946908807059
36EDIT,PegOT02RH_80F5BC9E15204D6Z0Z,93453,2,0.0021401132119888,64,0.06848362278364258
36EDIT,PegOT03RH_9F88B74678F142AZ0Z,21312,0,0.0,4,0.0187687687687684
36EDIT,PegOT04RH_5EFCB0357110466Z0Z,5775,4,0.0692640692640692,3,0.051948051948051896
36EDIT,PegOT05RH_731BA5E34E1543CZ0Z,34326,0,0.0,15,0.043698654081453014
36EDIT,PegOT06RH_3FD344CA2C6349BZ0Z,5578,0,0.0,1,0.017927572606669
36EDIT,PegOT07RH_01D9BD680E1C439Z0Z,17423,0,0.0,7,0.0401767778224184
36EDIT,PegOT08RH_2626A04F7C39432Z0Z,22593,35,0.1549152392333886,7,0.030983047846677797
36EDIT,PegOT09RH_BCE37F58B720440Z0Z,39705,4,0.0100742979473616,14,0.035260042815765995
36EDIT,PegOT10RH_492564EDE38F404Z0Z,5357,0,0.0,11,0.2053388090349069
36EDIT,PegOT11RH_887CD721906445FZ0Z,5028,3,0.0596658711217182,31,0.6165473349244218
36EDIT,PegOT12RH_38B6DBC28872477Z0Z,27371,0,0.0,7,0.025574513170874
36EDIT,PegOT13RH_450C52431CC8476Z0Z,9117,0,0.0,4,0.0438740813864208
36EDIT,PegOT14RH_72498897C44B411Z0Z,2786,0,0.0,0,0.0
36EDIT,PegOT15RH_C5D271FD6ABA43DZ0Z,81949,1,0.0012202711442482,21,0.025625694029212994
36EDIT,PegOT16RH_034D06511A194E9Z0Z,6074,0,0.0,1,0.016463615409944
36EDIT,PegOT17RH_EA1A967E442745AZ0Z,26679,3,0.0112447992803328,28,0.1049514599497729
36EDIT,PegOT18RH_F8A82B7EDD4C49CZ0Z,50118,6,0.011971746677839902,36,0.0718304800670405
36EDIT,PegOT19RH_CA0DB0EEDCC54A4Z0Z,6024,24,0.39840637450199157,13,0.215803452855245
36EDIT,PegOT20RH_56736BC330F2462Z0Z,22388,0,0.0,20,0.0893335715561902
36EDIT,PegOT21RH_2CF3FDAA244B414Z0Z,14880,2,0.0134408602150536,17,0.11424731182795612
36EDIT,PegOT22RH_29A50A61F0E1412Z0Z,33321,0,0.0,17,0.051018876984484096
36EDIT,PegOT23RH_B7C1378C30E94E5Z0Z,24035,2,0.0083211982525482,21,0.087372581651757
36EDIT,PegOT24RH_CE26C591030640AZ0Z,42319,2,0.0047260095937994,7,0.016541033578297903
36EDIT,PegOT25RH_6E609636E2B443BZ0Z,15019,1,0.006658232904987,23,0.15313935681470106
36EDIT,PegOT26RH_CB4A29CC056346EZ0Z,40167,1,0.0024896058953867,6,0.014937635372320299
36EDIT,PegOT27RH_EA4FC647D0AA413Z0Z,40592,9,0.022171856523452202,21,0.05173433188805569
36EDIT,PegOT28RH_21E9F9715FE84C4Z0Z,22598,0,0.0,18,0.07965306664306561
36EDIT,PegOT29RH_3B3F42EF4D05485Z0Z,29639,1,0.0033739329936907,8,0.0269914639495256
36EDIT,PegOT30RH_17861622FB1F429Z0Z,21629,0,0.0,3,0.0138702667714641
36EDIT,PegOT31RH_2471DCF94B86429Z0Z,26017,0,0.0,31,0.1191528615904963
36EDIT,PegOT32RH_0B3AE3C58D1B494Z0Z,41602,2,0.0048074611797508,50,0.12018652949377331
36EDIT,PegOT33RH_851EF8935C3A4B8Z0Z,46593,0,0.0,10,0.0214624514412033
36EDIT,PegOT34RH_EF27571CDD8F477Z0Z,61530,3,0.004875670404680401,14,0.0227531285551753
36EDIT,PegOT35RH_6B42DDD218E046EZ0Z,3402,1,0.0293944738389182,3,0.0881834215167546
36EDIT,PegOT36RH_4F7546848A64487Z0Z,2449,1,0.0408329930583911,10,0.4083299305839112
36EDIT,PegOT37RH_C404BD2AC9A74E8Z0Z,39994,1,0.0025003750562584,28,0.0700105015752357
36EDIT,PegOT38RH_7EAAD8FD4EDC46CZ0Z,59,0,0.0,0,0.0
36EDIT,PegOT39RH_01361C97532F4B3Z0Z,7945,0,0.0,9,0.1132787916928882
36EDIT,PegOT40RH_E0D5EBBAC1164EEZ0Z,59651,1,0.00167641783038,14,0.023469849625320297
36EDIT,PegOT41RH_636F96A380514BEZ0Z,32794,1,0.0030493382935902,20,0.0609867658718052
36EDIT,PegOT42RH_066A73D77867477Z0Z,40917,0,0.0,37,0.0904269618984759
36EDIT,PegOT43RH_96959E1A9DE84ECZ0Z,36038,0,0.0,29,0.0804706143515171
36EDIT,PegOT44RH_02EF30E8A77E4EFZ0Z,17037,0,0.0,22,0.129130715501555
36EDIT,PegOT45RH_79AD8395EDDB4F9Z0Z,34511,2,0.00579525368723,22,0.0637477905595315
36EDIT,PegOT46RH_5F9FEFD3873046DZ0Z,55986,2,0.0035723216518414,14,0.02500625156289031
36EDIT,PegOT47RH_65B6C9A5FA084FFZ0Z,16330,0,0.0,7,0.0428658909981626
36EDIT,PegOT48RH_0B1C67CF94B6472Z0Z,13985,0,0.0,4,0.0286020736503396
36EDIT,PegOT50RH_40A3A38B0B574CEZ0Z,23832,0,0.0,31,0.13007720711648108
36EDIT,SgOT17RH_C005E7241F5A408Z0Z,85723,0,0.0,113,0.1318199316402816
36EDIT,SgOT24RH_068682E0B6C7412Z0Z,3357,0,0.0,2,0.0595770032767351
36EDIT,SgOT29RH_A377C1890FA546CZ0Z,50757,1,0.0019701716019465,1,0.0019701716019465
36EDIT,SgOT31RH_B83DD2512D79488Z0Z,31457,1,0.0031789426836634,36,0.11444193661188257
36EDIT,SgOT32RH_97C5FEA1EF99408Z0Z,31803,1,0.0031443574505549,39,0.12262994057164259
36EDIT,SgOT35RH_6DBB94C7B9F845EZ0Z,27642,58,0.20982562766803955,18,0.065118298241805
36EDIT,SgOT36RH_7AED8AAB18A6434Z0Z,53811,6,0.011150136589173,34,0.0631841073386476
36EDIT,SgOT40RH_C4CBDD69B16D4F8Z0Z,22864,0,0.0,4,0.0174947515745276
36EDIT,SgOT42RH_15C6A0899E62401Z0Z,10963,0,0.0,9,0.0820943172489281
36EDIT,SgOT43RH_D1281FACCD2D4FEZ0Z,20938,0,0.0,2,0.0095520106982518
36EDIT,SgOT46RH_3435C6DA25E04A3Z0Z,18275,0,0.0,2,0.0109439124487004
36EDIT,SgOT48RH_1F33DB76216A4FFZ0Z,28403,1,0.0035207548498398,35,0.123226419744393
36EDIT,SgOT50RH_B5205F4C00ED488Z0Z,30514,0,0.0,8,0.026217473946385
